다이닝코드,,맛집 하면 제일 먼저 생각나는 빅데이터 맛집 검색, 다이닝코드!    다이닝코드는 수 년간 자체 개발한 빅데이터 분석 시스템을 통해서  사람의 의도나 편집이 전혀 개입하지 않은 공정한 맛집 정보를 제공하고자 합니다.    다이닝코드는 기술기반 회사입니다.데이터베이스, 정보검색, 데이터마이닝 등에 기반한 기술을 오랫동안 개발해왔으며,이 기술을 사용자들이 편리하게 사용할 수 있는 서비스로 연결하고자 노력하고 있습니다.    다이닝코드는 2014년 7월에 설립되어 국내 초기투자 전문회사인케이큐브벤처스로부터 2억원의 투자금을 유치하였고,2015년 12월 포스코기술투자 등으로부터 20억 규모의 시리즈A 투자를 유치했습니다.    “맛집하면 다이닝코드”가 떠오르는,우리나라 대표 맛집 서비스를 목표로 현재 순항 중입니다.- 회사 설립: 2014년 7월  - 직원수: 18명  - 회사 소재: 서울시 강남구 도산대로 101길 9 4층  - 이메일: contact@diningcode.com

          ,낯선 여행지에서 맛집 찾고 계세요 ?전국 어디라도 이제 추천 맛집 찾기가 한결 쉬어집니다.빅데이터 분석 기술을 적용한 다이닝코드를 이용하면 당신도 매직처럼 맛집 전문가가 될 수 있어요.하루에도 수만명이 다이닝코드 웹과 앱을 통해서 맛집을 찾고 있습니다.이제 당신도 한번 이용해 보세요. 당신 바로 옆에 멋진 맛집이 기다리고 있을지도 모르거든요. ^^포탈에서 맛집 블로그 따로 읽지 마세요.다이닝코드가 좋은 블로그와 그렇지 않은 블로그를 잘 구분해 놓았습니다.다이닝코드가 추천하는 블로그는 믿고 보셔도 됩니다.다이닝코드에서 가능한 검색어를 잘 활용해 보세요, 당신이 상상하는 모든 맛집 키워드가 그 안에 다 있답니다.한번에 말고 천천히 배워보세요.다이닝코드는 수년간 자체 개발한 빅데이터 분석 시스템을 통해서사람의 의도나 편집이 전혀 개입하지 않은 공정한 맛집 정보를 제공하고자 합니다.				,https://www.rocketpunch.com/companies/diningcode%0A,Tech Stacks,Utilities : 서비스 개발 효율을 높이기 위해 사용하는 유틸리티,Amazon AWS,SVN,Google Drive,Google Analytics,DevOps : 빌드, 테스트, 배포, 모니터링,Xcode,Git,GitHub,Business Tools : 사내 협업, 고객 및 외부 채널 관리 툴,InVision,Google Apps,Trello,Slack,Application and Data : 개발 언어, 프레임웍, 라이브러리,Bootstrap,mssql,MySQL,Objective-C,Amazon S3,Amazon EC2,Ruby On Rails,MongoDB,Python,AngularJS,PHP,jQuery
플레이팅,,셰프들이 신선한 식재료만을 선정해 만든 특별한 요리를 배달받아 집에서 즐길 수 있는 경험을 제공합니다. 비싼 가격때문에 자주 접하기 어려웠던 고급 레스토랑 음식을 부담없는 가격으로 즐길 수 있습니다. 매주 새로운 메뉴를 제공함으로써 "오늘 뭐먹지?" 고민을 해결해 드립니다.플레이팅은 미국 실리콘밸리에서 Locket을 성공적으로 매각한 대표를 비롯한 연쇄 창업가들을 주축으로 국내·해외 최고의 레스토랑 출신의 총괄셰프 등 경험 많은 멤버들이 모여 시작한 스타트업입니다.전략운영팀, 마케팅팀, 개발팀, 디자인팀, 키친팀에서는 상시채용을 하고 있습니다. 함께 기술기반의 온디맨드 서비스를 키워 나가고, 새로운 홈 다이닝 문화를 만들고 싶으신 분이라면 언제든지 메세지 주세요 :)
        
          ,,https://www.rocketpunch.com/companies/plating%0A,Tech Stacks,Utilities : 서비스 개발 효율을 높이기 위해 사용하는 유틸리티,metabase,Amazon Web Services,Google Analytics,Agile Scrum,Google Drive,DevOps : 빌드, 테스트, 배포, 모니터링,yarn,webpack,npm,Git,GitHub,Business Tools : 사내 협업, 고객 및 외부 채널 관리 툴,Confluence,JIRA,Google Apps,Application and Data : 개발 언어, 프레임웍, 라이브러리,ExpressJS,pm2,graphql,Redux,react-native,express.js,React.js,MongoDB,Amazon S3,Amazon EC2,MySQL,Node.js,JavaScript
허니비즈(띵동),,기업 소개가 없습니다. 허니비즈(띵동)의 구성원이시면 구성원 등록 후 기업 소개를 작성해 주세요.,,https://www.rocketpunch.com/companies/ddingdong%0A,Tech Stacks,Utilities : 서비스 개발 효율을 높이기 위해 사용하는 유틸리티,Business Tools : 사내 협업, 고객 및 외부 채널 관리 툴,Application and Data : 개발 언어, 프레임웍, 라이브러리,JavaScript,Java,MySQL,DevOps : 빌드, 테스트, 배포, 모니터링,Design Tool : 디자인 개발을 위한 제작 툴
헬로월드,,IT와 더불어 사는 기업, IT융합 '사회적 가치'를 실현하는 기업, 창조적 혁신 플랫폼, 지속적 솔루션 및 서비스를 제공하는 글로벌 플랫폼 솔루션 기업이 바로 헬로월드입니다.    (주)헬로월드는 IT와 함께 더불어 사는 "맛"을 알게 해주는 젊은 스타트 벤처 기업입니다. 디자인, 기술, 마케팅 3대 서비스를 기반으로 소비자들의 라이프 스타일의 변화를 선도하며, IT기술을 활용하여 지역경제 활성화, 사회적 가치 창출, 사회적 책임의식 그리고 사회적 공헌 활동에 이바지 할 수 있도록 항상 열정과 패기를 바탕으로 실행하고 도전하는 정신을 지향하고 있습니다.

          ,배달음식점의 든든한친구~!요리만 신경쓰기에도 바쁜 사장님을 위한 매장운영 플랫폼배달음식점의 홍보부터 주문 접수 배달까지 완벽에 가까운 통합 서비스를 제공합니다.다양하고 체계적인 서비스와 함께 성공적인 매출증대를 제공.,https://www.rocketpunch.com/companies/helloworld%0A,Tech Stacks,Utilities : 서비스 개발 효율을 높이기 위해 사용하는 유틸리티,Google Analytics,Google Drive,DevOps : 빌드, 테스트, 배포, 모니터링,GitHub,Jenkins,Business Tools : 사내 협업, 고객 및 외부 채널 관리 툴,Google Apps,Trello,Slack,Application and Data : 개발 언어, 프레임웍, 라이브러리,iOS,JPA,Hibernate,C++,FLEX,.NET,netty,vert.x,Android,spring-boot,spring-framework,MongoDB,Node.js,Java,MySQL,jQuery,Bootstrap,JavaScript
망고플레이트,,“왜 믿을만한 맛집을 소개하고 추천하는 서비스가 없을까?”누구보다 맛집을 사랑하는 공동창업자 4명의 이 고민에서부터 망고플레이트가 시작됐습니다.망고플레이트는 빅데이터를 활용하여 개개인의 취향을 분석하고 솔직한 리뷰를 바탕으로 당신을 위한 맛집을 추천하는 서비스가 되고자 합니다.

        ,망고플레이트는 믿을만한 사람을 통해 언제 어디서나 신뢰할만한 맛집을 쉽게 찾을수 있도록 도와주는 모바일 서비스이며 MangoPlate 사용자들을 통해 실시간으로 업데이트 되는 새로운 맛집을 발견할수 있는 재미를 선사합니다 주요 기능  -  개인화 검색 결과 : 빅데이터 기술을 활용해 사용자의 취향을 분석해서 개인에게 맞는 식당을 찾아줍니다. -  믿을 만한 식당 후기 : 사용자들이 직접 방문하고 남긴 솔직한 리뷰들을 통해 가장 신뢰할 수 있는 맛집 정보를 제공합니다.-  [가고싶다] 버튼/목록 : 평소에 가고 싶은 식당들을 ＂찜＂해 놓으면, 추후 검색 리스트의 상단에 해당 맛집들이 노출되어 편하게 참고할 수 있습니다. -  체크인 기능 : 사용자들이 식당에 갔을 당시 식당정보, 사진을 쉽게 기록 할수 있도록 하여 사용자들이 어떤 식당을 언제 갔고 특정 식당에 몇 번을 방문했는지 기록을 한눈에 볼 수 있습니다. 	-  팔로우/ 팔로잉 기능 : 사용자가 자신과 비슷한 취향의 사람을 팔로우하여 보다 편리하게 맛집을 찾을 수 있도록 하는 기능입니다. 망고플레이트 라이프- 망고플레이트 해커톤: http://blog.mangoplate.com/blog/archives/1941- 망고플레이트 2017 홀릭(Holic) 2기: http://blog.mangoplate.com/blog/archives/2378- Coming Home: Moving Servers from Tokyo to Seoul: https://medium.com/team-mangoplate/coming-home-moving-servers-from-tokyo-to-seoul-8e706501dd4e#.q780g6ro2,https://www.rocketpunch.com/companies/mangoplate%0A,Tech Stacks,Utilities : 서비스 개발 효율을 높이기 위해 사용하는 유틸리티,Google Drive,Amazon SES,GitHub Pages,Elasticsearch,Amazon CloudFront,Google Analytics,DevOps : 빌드, 테스트, 배포, 모니터링,Chef,Grunt,Docker,Sublime Text,Bower,GitHub,Git,Business Tools : 사내 협업, 고객 및 외부 채널 관리 툴,Confluence,Trello,JANDI,Application and Data : 개발 언어, 프레임웍, 라이브러리,Python,Amazon S3,Amazon EC2,Redis,Ruby On Rails,MySQL,AngularJS,Node.js,JavaScript,nginx,Bootstrap,jQuery
벤디스,,㈜벤디스(대표 조정호)는 2014년 1월 설립된 O2O 푸드테크 스타트업입니다. 2014년 9월 국내 최초 기업용 모바일 식대관리 솔루션이자 직장인을 위한 모바일 식권 서비스인 ‘밀크(MEALC)’를 공식 론칭했으며, 2015년 3월 ‘식권대장’(www.sikdae.com)’으로 서비스명을 변경했습니다.‘식권대장’은 스마트 시대에도 여전히 종이식권과 식대장부, 법인카드 등 아날로그 방식에 의존하고 있던 기업 식대 시장을 스마트폰 기반으로 전환함으로써 10조원 규모로 추산되는 국내 기업 식대 시장에 모바일 혁신을 일으킨 주역입니다. ‘식권대장’이라는 이름은 모바일 식권 시장을 개척한 선구자라는 자부심과 끊임없는 자기혁신을 통해 앞으로도 계속 시장을 주도해나겠다는 강한 의지를 담고 있습니다.2015년 2월 초기기업 전문투자 VC 본엔젤스벤처파트너스와 ‘배달의민족’ 운영사인 우아한형제들로부터 총 7억원의 초기투자를 유치한 데 이어, 2016년 7월 KDB산업은행과 우아한형제들, 네이버 등 3곳으로부터 35억원 규모의 시리즈A 투자를 유치했습니다. ㈜벤디스는 ‘식권대장’을 통해 기업 식대 시장을 혁신하고 기업 고객과 고객사 임직원, 가맹점, 다양한 파트너 브랜드를 엮는 벤디스 고유의 ‘相生 네트워크’를 구축하고자 합니다.

          ,- 모바일 식권 솔루션모바일식권 식권대장사내 식당이 없는 기업이 기업주변 식당과 제휴를 맺고 직원들이 식당을 이용할 때 회사에서 자체 발급한 종이식권의 불편함을 해결하였습니다. 간편하게 직원이 보유한 스마트폰으로 식권을 발급받고 영업제휴 및 정산 관리 업무를 모두 대행하는 서비스 입니다.,https://www.rocketpunch.com/companies/vendys%0A,Tech Stacks,Utilities : 서비스 개발 효율을 높이기 위해 사용하는 유틸리티,Postman,GitHub Pages,CloudFlare,Google Drive,Google Analytics,DevOps : 빌드, 테스트, 배포, 모니터링,Jenkins,Git,GitHub,Business Tools : 사내 협업, 고객 및 외부 채널 관리 툴,Confluence,JIRA,Google Apps,Slack,Application and Data : 개발 언어, 프레임웍, 라이브러리,KT uCloud,SpringFramework,MongoDB,Java,Apache HTTP Server,MySQL,AngularJS,JavaScript,nginx,Bootstrap,jQuery
식신,,세상의 변화를 식신이 만들어갑니다.식신은 'All the information around me'라는 기업 비전에 따라언제나 새롭고 인간 중심적인 서비스를 고민하며세상 모든 사람들이 만족할 수 있는 서비스를 제공하기 위해계속해서 도전하고 있습니다.

          ,실제 방문자들이 남긴 순도 100% 리뷰부터, HOT하게 뜨는 맛집, 취향을 저격할 매거진, 레스토랑 간편 예약까지!,https://www.rocketpunch.com/companies/seeon%0A,Tech Stacks,Utilities : 서비스 개발 효율을 높이기 위해 사용하는 유틸리티,Dropbox,Google Drive,Google Analytics,DevOps : 빌드, 테스트, 배포, 모니터링,Business Tools : 사내 협업, 고객 및 외부 채널 관리 툴,Google Apps,Slack,JIRA,Application and Data : 개발 언어, 프레임웍, 라이브러리
알지피코리아,,  알지피 코리아는 한국에서는 "요기요"와 "배달통" 두 개의 모바일 주문음식 서비스를 운영하고 있습니다. 로켓 인터넷으로 부터 지속적인 투자와서포트를 받고 있으며, 모바일주문음식플랫폼의 시장 저변 확대와, 성공적인 플랫폼을 전세계에 전파하고자 합니다. 현재 한국 지사에 약 380명의 인원이 근무중입니다. 회사 위치는 강남구 역삼동 입니다.

          ,[요기요] 2012년 “애플 앱스토어 선정 "2012년을 빛낸 최고작 앱" 수상2013년 “구글플레이 베스트 올해 베스트 앱 선정“2012년  대비 50배에  달하는  매출  성장매월  평균 25%를  상회 하는  주문  성장률2015년 12월 부터  매주 최다 주문수 기록 갱신  중Team Europe 등 유럽계 VC, Incubator로부터 총 659억원의 투자유치(누적투자액) [배달통]2013년 스마트앱 어워드 생활서비스 부문 통합 대상 수상2014년 배달통 1,000만 다운로드 달성“배달업체(전국 22만개) 최다보유” 배달앱,https://www.rocketpunch.com/companies/yogiyo%0A,Tech Stacks,Utilities : 서비스 개발 효율을 높이기 위해 사용하는 유틸리티,DevOps : 빌드, 테스트, 배포, 모니터링,puppet,Salt,Chef,Git,Ansible,New Relic,Jenkins,Business Tools : 사내 협업, 고객 및 외부 채널 관리 툴,Google Apps,Application and Data : 개발 언어, 프레임웍, 라이브러리,MySQL,Django,Python,Ruby On Rails,Node.js
에임,https://media.rocketpunch.com/cache/ba/7e/ba7ee61ceaa78ef0715ca167379f5154.jpg,aim [에임]  1\. 목적, 목표  2\. 겨냥, 조준3\. (~을 성취하는 것을) 목표로 하다4\. 나만을 위한 스마트 자산관리 어드바이저  소득불균형과 저성장 기조가 장기화되면서, 근로소득만으로는 우리 부모님 세대 누구나 꾸던 소박한 꿈을 이룰 수 없는 시대가 되어 버렸습니다.AIM의 비전은 "하루하루 열심히 살아가는 우리 주변 소시민 모두가 꿈꾸고 노력하면 이룰 수 있는 구체적인 재무목표를 다시 가지게 되는세상"입니다.  세상에서 가장 아름다운 5월의 결혼식  사랑하는 사람과 함께 타고 달리는 나만의 드림카  훌쩍 떠나는 여행이 간절할 때 고민없이 꺼내 쓸 여유자금  장난꾸러기 아이들이 맘껏 뛰노는 널찍한 거실이 있는 우리 집  자식들 도움 없이도 넉넉하게 즐기는 인생의 제 2막    이렇게 적어두는 것만으로도 설레는 소중한 꿈들을 AIM이라는 그릇에 담고, 그 꿈을 이루는 가장 현실적인 도구인 금융자산 형성에 도움을드리고 싶습니다. 여러분의 오늘이 어떤 모습이든, 차별없이, 목표와 상황에 맞는 건강한 투자 (AIMing)를 시작하고 지속할 수 있도록함께 고민하고 돕겠습니다. 어떻게요? AIM은 Automated Investment Management (자동화된 자산관리 서비스)의약어이기도 합니다. 데이터와 컴퓨터 알고리즘을 활용한 선진금융 노하우를 모바일 기술에 접목한, 비용효율적 Fintech 자산관리 서비스로 곧여러분을 찾아가겠습니다. 기대하는 마음으로 응원해 주시길 바랍니다. 감사합니다.
        
        더 보기,,https://www.rocketpunch.com/companies/aim%0A,Tech Stacks,Utilities : 서비스 개발 효율을 높이기 위해 사용하는 유틸리티,Google Drive,SendGrid,Postman,Amazon CloudFront,Google Analytics,Business Tools : 사내 협업, 고객 및 외부 채널 관리 툴,InVision,Trello,Google Apps,Slack,Application and Data : 개발 언어, 프레임웍, 라이브러리,jQuery,JavaScript,Java,MySQL,Objective-C,Ruby,Amazon S3,Amazon EC2,Redis,Ruby On Rails,AngularJS,Node.js,DevOps : 빌드, 테스트, 배포, 모니터링,npm,Xcode,Sublime Text,GitHub,Git,New Relic,Design Tool : 디자인 개발을 위한 제작 툴
텀블벅,https://media.rocketpunch.com/cache/69/6f/696fb61bac141a34124478964a38a32b.png,텀블벅은 독립적인 문화창작자들을 위한 크라우드 펀딩 플랫폼입니다.  [텀블벅이 하는 일]-창조적인 시도를 위한 초기 자금 문제를 해결하기 위해 크라우드펀딩 플랫폼 텀블벅을 만들었습니다.  텀블벅은 국내에서 가장 많은 창작자와 창업자, 사회운동가들이 이용하는 펀딩 플랫폼으로 자리잡았습니다.  현재까지 3,729개의 창조적인 시도가 펀딩에 성공했습니다.-텀블벅의 가파른 성장을 통해 미션을 향해 달려가기 위한 더욱 큰 동력을 확보했습니다.  2015년 17억 규모의 Series A 펀딩을 유치했습니다.  2016년에 누적 후원 규모 100억 원, 2017년에 200억원을 달성하며 상승폭을 더욱 높이고 있습니다.  Series A 당시 5명 규모에서 현재 18명 규모로 성장했습니다.-텀블벅의 성공에서 자신감을 얻어, 더 장기적인 관점에서 미션을 달성하기 위한 포석을 놓고 있습니다.  창조적인 시도를 하는 사람들이 지속적이고 독립적으로 수익을 창출할 수 있는 기반을 만드는 일을 시작합니다.  텀블벅의 기술 노하우와 인프라를 더 많은 사람들에게 제공할 수 있게 하려 합니다.[일하는 방식]-자율과 책임을 매우 중요하게 생각합니다.텀블벅에선 각자의 업무능률이 시간과 장소에 구애 받지 않도록 자율출퇴근제를 실시하고 있습니다. 그만큼 각자 집중할 수 있는 시간과 장소에서 저마다의 업무를 기대이상으로 이뤄내고 있습니다.또한 텀블벅의 모든 동료들에게는 각자의 법인카드가 있습니다. 이 카드를 통해서 운동, 도서구입, 점심, 저녁, 간식구입 등 필요한 부분이 있다면, 일정한 조건을 지키면서 자유로이 사용이 가능합니다.이처럼 텀블벅의 모든 동료들은 자유로운 환경에서 일 할 수 있지만, 자신이 설정한 목표들 만큼은 확실히 책임을 져야 합니다. 이는 OKR(Objective and Key Results)라는 제도로 운용되고 있습니다, OKR을 통하여 모든 동료들은 회사의 목표에서 벗어나지 않는 한 자유로이 자신만의 목표를 설정하고 계획하고 실행할 수 있습니다.-권위에 얽매이지 않고 솔직하고 수평적으로 소통합니다.텀블벅 내에서는 직급이나 호칭이 없고, 모든 동료들과 닉네임과 반말을 씁니다. (CEO도 예외는 아닙니다!) 그만큼 서로 권위 없이 솔직하고 수평적으로 소통하기 위함입니다.서로 피드백을 주고받는 것을 당연하게 생각하고, 건설적인 비판을 성숙하게 받아들입니다. 평가에 있어서도 자가 평가와 동료 리뷰를 중요하게 봅니다.-과감하게 새로운 시도를 해냅니다.일을 하다보면 필요한 프로그램, 기능 등이 없어 여러 난관에 닥치곤 합니다. 텀블벅의 동료들은 이러한 상황에서 어떻게 할까요? 필요하지만 없는것은 직접 만들어서 써봅니다. 프로젝트를 진행할때도, 필요에 의한 자유로운 팀 구성과 해체를 통해 효율적인 진행이 가능해 집니다.새로운 시도를 준비하다 보면, 각종 계획과 환경적인 문제 등으로 시간이 많이 걸리기 일쑤이지만, 우리는 우선 "작동하는" 모델을 만들어 봅니다. 이를 통해 빠른 문제 파악과 대안수립이 가능해져, 원하는 목표에 도달하는 길이 명확해 집니다.[직장으로서의 텀블벅]-4대보험 가입, 퇴직금 별도 (퇴직연금 가입)-입사1년 미만의 기간에도 총14개의 연차지급 (이를 사용하여도 입사 1년 후 지급되는 15개의 연차에서 차감하지 않음)-각종 경조사 휴가 및 경조비 지원-개인별 법인카드 지급 (식사, 간식, 운동, 도서 등 원하는 부분에 사용가능)-코워킹 스페이스 WeWork 입주로 층별 라운지, 무제한 커피와 맥주, 게임룸 등 마음껏 이용 가능-개인별 노트북(엔지니어의 경우 MacBook)과 모니터 제공-자율출퇴근제 시행
        
        더 보기,국내 최대 크리에이터 펀딩 플랫폼,https://www.rocketpunch.com/companies/tumblbug%0A,Tech Stacks,Utilities : 서비스 개발 효율을 높이기 위해 사용하는 유틸리티,Optimizely,Google Analytics,Heapanalytics,DevOps : 빌드, 테스트, 배포, 모니터링,RSpec,webpack,GitHub,Code Climate,semaphoreci,Business Tools : 사내 협업, 고객 및 외부 채널 관리 툴,Airtable,Zendesk,MailChimp,Trello,JIRA,Slack,Application and Data : 개발 언어, 프레임웍, 라이브러리,Twilio,SendGrid,Elasticsearch,Semantic UI,Amazon S3,Amazon EC2,JavaScript,Ruby,React,Sass,MySQL,Node.js,Ruby On Rails
루프펀딩,https://media.rocketpunch.com/cache/94/0f/940f1a5bbae08530792758edfbd6c900.png,루프펀딩은 부동산 P2P 대출 플랫폼을 운영하는 스타트업 입니다. 루프펀딩은 현재까지 고액자산가와 기관투자자에게만 가능하였던 부동산 투자를 최소 10만원의 소액으로 누구나 쉽게할 수 있는 세상을 만들고자 합니다. 루프펀딩은 서비스 출시 후 현재까지 누적으로 약 1,110억원 규모의 거래를 성사시켰으며, 다양한 대출 투자 상품을 제공하여 많은 사람들의 주목을 끌고 있습니다. 루프펀딩의 성장과 더불어 한국 P2P 대출 플랫폼 시장의 성장을 함께 이끌어갈 인재를 간절하게 찾고 있습니다. 홈페이지: www.rooffunding.com
        
        더 보기,,https://www.rocketpunch.com/companies/rooffunding%0A,Tech Stacks,Utilities : 서비스 개발 효율을 높이기 위해 사용하는 유틸리티,Postman,Amazon CloudFront,Google Analytics,DevOps : 빌드, 테스트, 배포, 모니터링,npm,Grunt,Vim,Bitbucket,Git,Business Tools : 사내 협업, 고객 및 외부 채널 관리 툴,MailChimp,Google Apps,Trello,Slack,Application and Data : 개발 언어, 프레임웍, 라이브러리,Java,MongoDB,Amazon EC2,Amazon S3,Redis,MySQL,AngularJS,Node.js,JavaScript,nginx,Bootstrap,jQuery
에잇퍼센트,https://media.rocketpunch.com/cache/37/9d/379df8bfaa3c9df14c8bc05b284a53d6.jpg,8퍼센트는 ‘기술을 통해 더 많은 사람들에게 최적의 금융서비스를 제공한다.’는 미션을 가진 대한민국의 대표적인 금융기술(Fintech) 스타트업으로 대출, 투자 분야의 혁신을 만들어 가고 있습니다. 은행 대출을 충분히 받지 못한 사회 초년생이나 중간 신용등급의 국민들이 15% 이상의 고금리 대출을 이용하시는 반면, 예금 금리는 1%대인 금융시장의 불합리한 점을 개선하려는 의지와 믿음으로 시작되었습니다. 법인 설립 후 약 3년의 기간 동안 누적 취급액 915억원을 취급하여 대출 고객님 4천여명께 이자 비용 약 90억원을 절감을, 투자 고객님들께 평균 수익률 9.73%의 수익을 안겨드리며 이를 증명해나가고 있습니다.  8퍼센트는 은행권청년창업재단(디캠프), KG이니시스(국내 1위 결제사업자), SBI인베스트먼트, DSC인베스트먼트, 캡스톤파트너스 (국내 유수의 벤처캐피탈들) 등 다수의 기관으로 부터 지분투자 유치를 했을 뿐 아니라 460여명의 일반 개인 고객님들이 크라우드펀딩을 통해 주주로 참여하고 있습니다. 또한 국내 스타트업 중 유일하게 인터넷전문은행(K뱅크) 주주로 참여하고 있습니다.  8퍼센트와 함께 우리 사회 구성원들의 삶을 더 나은 방향으로 개선하고 금융의 미래를 만들어 나갈 역량 있는 인재를 모시고 있습니다.
        
        더 보기,개인간 투자, 대출 중개 서비스,https://www.rocketpunch.com/companies/8percent%0A,Tech Stacks,Utilities : 서비스 개발 효율을 높이기 위해 사용하는 유틸리티,Elasticsearch,Mixpanel,Amazon CloudFront,Google Drive,Google Analytics,DevOps : 빌드, 테스트, 배포, 모니터링,Selenium,Travis CI,Docker,Sentry,New Relic,GitHub,Business Tools : 사내 협업, 고객 및 외부 채널 관리 툴,Confluence,Zendesk,Google Apps,Trello,Slack,Application and Data : 개발 언어, 프레임웍, 라이브러리,React,Amazon S3,PostgreSQL,Django,Python,Apache HTTP Server,Amazon EC2,JavaScript,jQuery
코인원,https://media.rocketpunch.com/cache/2c/cd/2ccd198da64893a8521785e31c983dba.png,국내 1위 가상화폐 거래소를 운영하고 있는 핀테크 스타트업 코인원입니다.꽃미남 천재 해커 차명훈 대표를 필두로, 국내 유수의 엔지니어들과 함께 업계 최고 수준의 보안 시스템을 구현합니다.가상화폐(비트코인, 이더리움, 리플)거래소를 기반으로 핀테크 해외송금 Cross, 가상화폐 결제 등 블록체인 기술을 활용한 다양한 사업들을 운영하고 있습니다.The Future of Finance, 기존의 금융시스템을 뛰어넘는 새로운 시장을 만들어 갑니다.# 더 쉽고, 빠르고, 안전한 가상화폐 거래소Coinone 바로가기 https://coinone.co.kr/# 해외 송금의 벽을 넘다, The best remittance everCross 바로가기: https://cross.coinone.co.kr지원 및 채용: recruit@coinone.com
        
        더 보기,,https://www.rocketpunch.com/companies/coinone%0A,Tech Stacks,Utilities : 서비스 개발 효율을 높이기 위해 사용하는 유틸리티,Amazon AWS,GitHub Pages,CloudFlare,Google Analytics,DevOps : 빌드, 테스트, 배포, 모니터링,bamboo,Bitbucket,Git,Business Tools : 사내 협업, 고객 및 외부 채널 관리 툴,Slack,Zendesk,Confluence,JIRA,Application and Data : 개발 언어, 프레임웍, 라이브러리,ethereume,bitcoin,Microsoft SQL Server,Amazon DynamoDB,c#.net,Django,Python,MySQL,AngularJS,Node.js,JavaScript
두나무,https://media.rocketpunch.com/cache/77/a8/77a830bf14842a363b805caa2f0c3e4d.png,두나무는 금융서비스를 쉽고 투명하게 전달하고자 노력하고 있는 핀테크 회사입니다. '카카오스탁' 모바일 서비스를 중심에 두고, 자산관리 등으로 서비스 영역을 확장해나가고 있습니다. 현재 35명 가량의 팀원이 함께하고 있으며, 금융과 IT를 결합해 이용자에게 가치 있는 서비스를 함께 만들어나갈 분을 찾고 있습니다.
        
        ,세상에서 주식 실시간 시세를 가장 편하게 볼수 있는 방법 ‘카카오스탁’카카오스탁은 카카오계정을 이용하여 실시간 주식 종목시세와 정보를 손쉽게 볼 수 있는 카카오 앱입니다.,https://www.rocketpunch.com/companies/dunamu%0A,Tech Stacks,Utilities : 서비스 개발 효율을 높이기 위해 사용하는 유틸리티,Google Analytics,Google Drive,GitHub Pages,DevOps : 빌드, 테스트, 배포, 모니터링,GitLab,HAProxy,Ansible,Jenkins,Docker,New Relic,GitHub,Business Tools : 사내 협업, 고객 및 외부 채널 관리 툴,Confluence,Slack,JIRA,Application and Data : 개발 언어, 프레임웍, 라이브러리,React,Ruby On Rails,Spring,Java
펀다,https://media.rocketpunch.com/cache/e9/10/e910c1d40d7c4418d460617a391da431.png,상점의 매출은 안정적임에도 상점주의 개인 신용도가 낮아 운영자금을 빌리는데 어려움을 겪는다면? 저금리 시대에 안정적으로 투자할 고수익 상품을 찾는 것이 어렵다면?안녕하세요!펀다는 지역상점만을 대상으로 하는 P2P 대출 플랫폼입니다.소상공인들은 은행에서는 담보없는 신용대출이 어렵고, 제2금융권 이상으로 가면 엄청난 고이율에 시달립니다. 펀다는 상점 데이터 분석과 P2P 중개 방식을 이용하여 현재 대출 시장이 가지고 있는 문제점을 개선함으로써, 이자율과 담보물을 낮추고 상인들이 편하게 빌릴 수 있는 10%대의 중금리 시장을 만들 것입니다.펀다는 IBK 핀테크 드림 공모전에서 대상을 수상하고, 초기기업 전문투자사 더벤처스로부터 투자를 유치하며 상점 대상 대출 플랫폼의 선두 지위를 확고히 다졌습니다. 2017년 7월 현재, 390개에 달하는 상점과 26,600여 명의 투자자를 연결하고 누적 대출액 192억원이라는 성과를 올리며 핀테크 분야에서 글로벌한 혁신을 만들어가고 있습니다.지역 상점들에서 가장 상세한 데이터를 모으고 분석하는 회사가 되어 더 많은 지역상점들에게 새로운 기회를 제공하겠습니다.
        
        더 보기,[소개]펀다는 매출이 잘 발생하고 있지만 기존 금융권에서는 자금 조달이 어려운 건실한 상점의 운영자금과, 사업성은 있지만 자금이 일부 부족한 창업 및 확장자금을 다수의 개인 투자자들로부터 모집해 대출해주는 P2P (대출형 크라우드 펀딩) 금융 플랫폼 서비스 입니다.[개발동기]펀다 박성준 대표는 기존 O2O 마케팅 사업을 영위하면서 상점의 POS단말기에서 발생하는 매출 데이터를 수집 및 분석하는 과정을 통해, 많은 건실한 상점이 운영자금을 조달하는데 어려움을 겪고 있다는 것과 상점의 매출 데이터를 토대로 대출 상환 능력을 보다 잘 파악할 수 있다는 점에 착안해 서비스를 개발하게 되었습니다.[관련 시장현황]최근 국내에는 50개 이상의 P2P (대출형 크라우드 펀딩) 핀테크 업체가 설립 되었으나, 상점의 매출 데이터 분석을 통한 리스크 관리 능력을 갖춘 업체는 펀다가 유일합니다. 해외의 경우 P2P 금융은 기존 금융권을 보완하는 새로운 영역을 개척한 것으로 평가 받고 있습니다.[향후계획]펀다는 향후 다양한 상점의 매출 데이터를 분석하는 능력을 더욱 키워 운영자금 대출을 쉽고 편리하게 하면서도 효율적인 리스크 관리능력을 갖춘 서비스로 성장해 나갈 계획입니다. 이를 통해 대출자들에게는 편리하고 저렴한 중금리 대출을, 투자자들에게는 매력적인 재테크 상품을 제공하는데 주력하겠습니다.,https://www.rocketpunch.com/companies/funda%0A,Tech Stacks,Utilities : 서비스 개발 효율을 높이기 위해 사용하는 유틸리티,DevOps : 빌드, 테스트, 배포, 모니터링,Business Tools : 사내 협업, 고객 및 외부 채널 관리 툴,JANDI,Slack,JIRA,Confluence,Application and Data : 개발 언어, 프레임웍, 라이브러리
핀다,https://media.rocketpunch.com/cache/1d/02/1d024a1cdd184e37d17feaede48b7a48.png,[핀다 소개]핀다는 개인들이 금융 상품을 선택할 때 겪는 어려움을 해결하기 위해 시작되었습니다.  “금융상품도 온라인 쇼핑처럼 쉽고 편하게 할 수 있다.”라는 목표를 갖고, 스타트업을 실패해보거나 M&A 성공까지 경험해 본 베테랑들이 금융 시장에 다시 한 번 도전장을 내밀었습니다. 핀다에 지금 조인해서 나와 가족 그리고 보다 많은 사람들의 금융 생활을 변화시키는 더 나은 세상을 만드는데 함께해요! www.finda.co.kr  [채용 프로세스]- 저희는 인재 채용을 언제든지 상시 진행하고 있습니다. 또한 정해진 프로세스에 따르기 보다는 최대한 채용 과정에서 지원자들에 대해 빠르고 많이 알길 원합니다.- 이력서, Cover Letter, Portfolio, 홈페이지, 블로그 등 자신을 알릴 수 있는 서류가 있다면 최대한 제출해 주시면 주실수록 좋습니다. 단, 서류의 양이나 수는 전혀 평가에 영향을 끼치지 않습니다.- 각 직군별로 간단한 과제가 있습니다. 인터뷰를 진행하면서 실제로 저희 핀다에서 고민하고 있는 문제나 조인 이후 실제 진행하실 업무와 직결되는 과제를 풀어보실 수 있습니다.- 면접은 대표 및 실제 함께 일을 하실 팀의 동료들이 함께 합니다. 필요하다면 화상통화로도 진행하기도 합니다.- 편한 복장으로 와주세요. 최대한 짧은 시간내에 서로를 많이 탐색해야 하는 자리인만큼 가장 편하게 자기 자신을 드러낼 수 있는 상태에서 만나뵙고 싶습니다. [근무환경 - 핀다에 조인하시면 반드시 이것 만은 경험하실 수 있습니다]- 능력과 경력, 그리고 성과에 따라 반드시 이에 대한 업계 최고 수준의 보상이 있습니다. 게다가 회사에 대한 실질적인 오너쉽을 가질 수 있도록 성과에 따라 Stock option도 부여합니다.- 핀다에서는 글로벌한 근무 환경을 제공합니다. 국적에 상관없이 인재를 채용하고 있으며, 구글, 500스타트업, 드림플러스 등으로부터 인큐베이팅을 받거나 기술 제휴를 진행할 수 있습니다.- 지금 조인하시면 초기 멤버로 그 분야의 리더로서 일을 할 수 있습니다. 경험이 적은 인턴이더라도 수습 기간을 거쳐 정직원 채용과 무한 승진을 경험할 수 있습니다.- 핀다는 2016년에 미국과 한국의 유수의 벤처캐피탈로부터 15억원의 투자 유치를 성공했습니다. 초기 기업이지만 자금에 대한 불안과 걱정보다는 보다 안전하게 열정과 꿈을 펼칠 수 있는 기회가 있습니다.- 핵심 기술이나 비즈니스, 전략에 대한 중요한 의사 결정을 직접 리드하거나 함께할 수 있습니다.- 핀다는 WeWork 을지로점에서 근무합니다. 자유로운 오픈 라운지에서, 때로는 프라이빗한 별도의 공간에서 본인이 원하는 대로 공간을 이동하며 업무를 할 수 있습니다. 업무 스트레스는 체스, 골프, 탁구 등을 통해 함께 풀 수 있고, 해먹에서의 단잠으로 피로도 풀 수 있습니다. 무제한 제공되는 커피와 수제맥주를 마시며 함께 일할 수 있습니다.[미디어 소개 (미디어사, 제목, URL 순)]- 조선일보, 금융상품 쇼핑은 왜 어려워야 되죠?,    http://biz.chosun.com/site/data/html_dir/2016/06/12/2016061202040.html- EBN, 금융상품 비교 서비스 '인기'…당국보다 나은 핀테크 스타트업, http://www.ebn.co.kr/news/view/830343- Korea Joongang Daily, For start-up Finda, information is hottest commodity, http://mengnews.joins.com/view.aspx?aId=3018199- 디지털 데일리, 핀다, 신용대출 O2O 서비스를 위해 낙원새마을금고와 제휴, http://www.ddaily.co.kr/news/article.html?no=145467- 플래텀, 금융상품 플랫폼 핀다, 12억 원 규모 후속 투자 유치, http://platum.kr/archives/66658- 매일경제, `앱테크`를 아시나요 ?, http://news.mk.co.kr/newsRead.php?no=673214&year=2016- 더벨, 핀다, 금융상품 중개 온라인화 '속도', http://www.thebell.co.kr/front/free/contents/news/article_view.asp?key=201609050100006400000374- 아시아 투데이, 핀테크 스타트업 핀다, "금융상품 맞춤 추천해드려요", http://www.ittoday.co.kr/news/articleView.html?idxno=71678- 매일경제, 핀다, 14개 질문 대답하다보면 내게 딱 맞는 금융상품이, http://news.mk.co.kr/newsRead.php?no=630616&year=2016- 시사저널, [대한민국 금융 토대가 바뀐다]④ 핀다, http://www.sisabiz.com/biz/article/76033
        
        더 보기,소비자들에게 적합한 금융상품을 소개/추천하는 금융상품 플랫폼입니다. 여기저기 흩어져 있거나, 온라인 상 정확하게 존재하지 않는 데이터들을 모두 모아, 개인의 니즈 및 상황에 맞는 상품을 추천해 드립니다. 금융상품의 Amazon을 구축하겠다라는 포부로, 금융기관에게는 좋은 마케팅 채널을 만들어 줄 수 있고, 고객들은 금융상품을 선택함에 있어서 훨씬 더 편리하게 정보를 취득하고, 현명하게 판단할 수 있는 가치를 만들어나가는 것이 핀다의 핵심 가치입니다. 2015년 8월부터 서비스 기획을 시작하여, 10월 법인 설립을 했으며, 글로벌 Top 엑셀러레이터인 500 startup에서 투자를 받고 2016년 1월 14일 론칭을 시작으로 그 누구보다 빠르게 달리고 성장하고 있는 서비스입니다.,https://www.rocketpunch.com/companies/finda%0A,Tech Stacks,Utilities : 서비스 개발 효율을 높이기 위해 사용하는 유틸리티,GitHub Pages,Elasticsearch,Google Analytics,DevOps : 빌드, 테스트, 배포, 모니터링,npm,Jenkins,Bitbucket,Git,GitHub,Business Tools : 사내 협업, 고객 및 외부 채널 관리 툴,WordPress,Confluence,JIRA,Slack,Application and Data : 개발 언어, 프레임웍, 라이브러리,Java,Objective-C,Python,Apache HTTP Server,React,Amazon S3,Amazon EC2,MySQL,Node JS,JavaScript
레이니스트,https://media.rocketpunch.com/cache/b5/c2/b5c2f10a872243110ea9b934667b500f.png,레이니스트는 정보 비대칭성 해결을 통해 금융시장을 혁신할 핀테크 기업입니다.금융상품 시장의 미래는 고객들이 자신에게 가장 최적화된 상품을 선택할 수 있는 개인화에 있다고 믿고 있습니다. 레이니스트는 정교한 데이터와 알고리즘을 기반으로 개인 맞춤형 금융 시장을 만들어 나가고자 합니다.뱅크샐러드는 금융상품의 선택부터 관리까지, 사용자의 개인 금융을 책임지는 All-round Service입니다. 3,500여 개 카드 상품, 25만 여 개의 혜택 데이터를 기반으로 가장 정교한 카드/예적금 추천을 제공할 뿐만 아니라, 카드 혜택 분석부터 소득공제 관리까지 4,000만 카드 사용자 모두가 합리적인 소비 생활을 누릴 수 있도록 돕는 지출관리 모바일 앱을 제공하고 있습니다. 국내 유일하게 사용자의 우대금리 조건 충족 여부를 반영한 맞춤형 예적금 비교 추천 서비스를 2016년 5월부터 운영 중이며, 통합 자산관리 서비스를 준비 중입니다.
        
        더 보기,[소개] 뱅크샐러드 웹 서비스는 소비성향을 입력하면 그에 꼭 맞는 혜택을 제공하는 신용카드를 추천하는 서비스입니다. 모바일 앱 서비스는 카드 사용내역 SMS를 자동으로 분석해 그에 맞는 카드를 추천해주고, 카드 혜택을 안내합니다. 또한 개인의 소비성향을 분석 및 코칭합니다.[개발동기] 금융회사와 고객 간 일어나는 정보 비대칭성을 데이터와 기술을 활용해 해결하고자 뱅크샐러드 서비스를 개발하였습니다. 모든 카드 혜택에 대한 정보를 정규화하여 사용자들이 자신에게 꼭 맞는 카드를 추천받고, 이를 통해 사용자에게 직접적인 혜택을 주고자 하였습니다. [관련 시장현황]IT기술의 발달로 자동화된 자산관리 서비스 시장이 커지고 있습니다. ‘뱅크샐러드’ 웹/앱은 대부분의 국민들이 모두 사용하고 있는 ‘신용카드’ 관련 자산관리에 초점을 맞춘 서비스로, 대중 고객층이 개인 자산관리를 쉽고 저렴하게 받을 수 있는, 접근성이 높은 서비스입니다.[향후계획] 개인화된 추천 기술을 기반으로 ‘신용카드 모바일 마케팅 플랫폼’을 개발하여 모바일 금융상품 유통시장을 창출할 계획입니다. 또한 신용카드 시장에서 쌓인 노하우로 2016년 3월 예/적금, 8월 CMA 상품 비교 등으로 카테고리를 확장해 나갈 예정입니다.,https://www.rocketpunch.com/companies/rainist%0A,Tech Stacks,Utilities : 서비스 개발 효율을 높이기 위해 사용하는 유틸리티,Amazon SES,Dropbox,Google Drive,Gradle,Amazon CloudFront,Google Analytics,Jekyll,GitHub Pages,DevOps : 빌드, 테스트, 배포, 모니터링,Selenium,New Relic,Git,Sentry,Amazon CloudWatch,Crashlytics,Docker,Travis CI,GitHub,Business Tools : 사내 협업, 고객 및 외부 채널 관리 툴,InVision,Google Apps,UserVoice,Dropbox,Slack,Application and Data : 개발 언어, 프레임웍, 라이브러리,RxJava,Android,Java,Sass,React.js,Node.js,JavaScript,nginx,Memcached,Celery,RabbitMQ,Redis,NumPy,MySQL,Amazon RDS,Amazon S3,Amazon EC2,SQLAlchemy,Flask,Python
비바 리퍼블리카,https://media.rocketpunch.com/cache/2b/d6/2bd6163a3c18f9733292d8f69bc2cd99.png,토스팀은 금융의 문제를 해결하려 합니다.왜 금융은 복잡하고 불편할까요?간단한 일에도 매번 마주치는 어려운 용어와 복잡한 절차,필요한 이유를 도무지 알 수 없는 정책과 제약들…지긋지긋한 금융의 문제를 토스팀이 끝내려 합니다. 핀테크 혁신을 통해 변화할 세상을 상상해 보세요.모두에게 상식적인 금융, 최고의 사용 경험, 쓸 때마다 행복을 느끼는 금융!토스팀은 이 꿈에 가슴이 뜁니다.두근대는 마음으로 금융 소비자가 행복한 세상을 만들어 나가고자 합니다. 토스팀은 이전에 없던 혁신적인 금융 서비스 경험을 제공함으로써 서비스 출시 이후, 지금까지 누적 송금액 9.3조 원을 기록, 다운로드 1,200만을 돌파하면서 종합금융플랫폼으로 발돋움하고 있습니다. (2017년 10월 말 기준)  지나온 성장보다 더 큰 도약을 위해, 토스팀이 꿈꾸는 '간편하고 안전한 금융생활을 누리는 대한민국' 을 함께 만들어갈 멋진 동료가 필요합니다.많은 사람들의 일상을 편리하게 변화시키고, 유익함을 주는 일을 할 수 있는 곳, 짜릿한 성과를 함께 만들며 눈부시게 성장할 수 있는 곳에서 일하고 싶지 않으신가요? 자율과 책임을 전제로 스스로 해야 할 일을 계획하고 실행하는 팀, 투명한 정보 공유를 통해 효율적인 의사결정이 이뤄지는 팀, 좋은 것보다 위대한 것을 꿈꾸고, 모두가 같은 지향점을 향해 달리는 팀, 토스팀에서 미션 달성과 팀의 성공을 함께 고민하고, 새로운 시작을 만들어 나갈 동료를 모십니다!※ 토스팀에게 주어지는 혜택과 복지토스팀 최고의 복지는 멋진 동료들과 함께 하는 것이지만,그뿐만 아니라 최고 수준의 복리후생을 아낌없이 제공합니다.자율과 효율의 근무환경을 제공합니다.- 탄력적 출퇴근 제도- 원격 근무 제도- 별도 승인 없이도 휴가 무제한 제공- 근속 3년마다 리프레시 휴가 1개월- 매월 마지막 금요일에 전사 휴식업무와 성장에 몰두할 수 있게끔 지원합니다.- 역량에 맞는 연봉 및 스톡옵션 제공- 업무 관련 비용 100% 지원- 최고급 장비 및 소프트웨어 제공- 직장단체보험(가족 포함) 및 경조사비- 체력단련비 지원- 주택자금 무이자 1억 사내 대출- 야간택시비 지원 먹고 마시는 것까지 회사가 책임집니다.- 점심, 저녁 식사비 100% 지원- 바리스타가 있는 사내 카페 운영- 다양한 간식 상시 구비- 신청하는 모든 간식 구비
        
        더 보기,토스 암호 입력만으로 세상에서 가장 빠른 결제를 경험할 수 있습니다.,https://www.rocketpunch.com/companies/vivarepublica%0A,Tech Stacks,Utilities : 서비스 개발 효율을 높이기 위해 사용하는 유틸리티,Origami,Framer,Dash,Google Analytics,Toss,App Annie,DevOps : 빌드, 테스트, 배포, 모니터링,Bitbucket,TestFlight,SourceTree,Gradle,Apache Maven,Android Studio,Xcode,Cacti,Business Tools : 사내 협업, 고객 및 외부 채널 관리 툴,Facebook,YellowID,Sketch,Flinto,Adobe Illustrator,Adobe Photoshop,Trello,Slack,Google Apps,Application and Data : 개발 언어, 프레임웍, 라이브러리,Git,splunk,Play framework,Scala,Apache Spark,Django,Maven,Hibernate,JPA,Java Spring Framework,TDD,Python,nginx,Google Drive,CodeIgniter,Spring,Android SDK,Bootstrap,C,Objective-C,Java,PHP,JavaScript,MySQL,jQuery
